"EX_Breathe","Export"
"EX_BreatheBelly","Export"
"eCTRLEyesClosedL","Export"
"eCTRLEyesClosedR","Export"
"PBMGraceYongBreastsSize","Export"
"PBMGraceYongBreastsSmall","Export"
"Sakura 8 Glute Size","Export"
"eCTRLvAA","Export"
"eCTRLvEE","Export"
"eCTRLvEH","Export"
"eCTRLvER","Export"
"eCTRLvF","Export"
"eCTRLvIH","Export"
"eCTRLvIY","Export"
"eCTRLvK","Export"
"eCTRLvL","Export"
"eCTRLvM","Export"
"eCTRLvOW","Export"
"eCTRLvS","Export"
"eCTRLvSH","Export"
"eCTRLvT","Export"
"eCTRLvTH","Export"
"eCTRLvUW","Export"
"eCTRLvW","Export"
"FUNtasy Face","Export"
"eCTRLBrowInnerUp-Down","Export"
"eCTRLBrowOuterUp-Down","Export"
"eCTRLBrowSqueeze","Export"
"eCTRLCheekCrease","Export"
"eCTRLCheekEyeFlex","Export"
"eCTRLCheekFlex-Slack","Export"
"eCTRLCheekFlex-SlackL","Export"
"eCTRLEyelidsLowerUpDown","Export"
"eCTRLEyelidsUpperUp-Down","Export"
"eCTRLEyesSquint-Widen","Export"
"eCTRLJawOut-In","Export"
"eCTRLJawSide-Side","Export"
"eCTRLLipsPucker-Pressed","Export"
"eCTRLMouthCornerForward-BackL","Export"
"eCTRLMouthCornerForward-BackR","Export"
"eCTRLMouthCornerUp-Down","Export"
"eCTRLMouthSide-Side","Export"
"eCTRLMouthWide-Narrow","Export"
"eCTRLNoseWrinkle","Export"
"eCTRLNostrilsFlex","Export"
"Anything","Bake"
